{
   "create_timestamp":"2024-05-03T14:56:07.324940+00:00",
   "rmssd":87.31021,
   "sns":0.3185438,
   "sdnn":64.06655,
   "mean_ppi":794.5881,
   "pns":0.8642313,
   "artefact_level":"GOOD",
   "mean_hr":75.51081
}