{"create_timestamp": "2024-05-10T02:26:27.129652+00:00", "rmssd": 38.49546, "sdnn": 27.31156, "sns": 2.158834, "mean_ppi": 783.3683, "pns": -0.4937264, "artefact_level": "GOOD", "mean_hr": 76.59232}